Unnamed: 0,Computer,data,result,pie,sugar
Cherry,-7.184509871585605,-6.212682614669318,-3.6306603867291067,0.22247934871433883,-0.6820197207089661
Strawberry,-0.9853764462460157,-1.1121614779978382,2.057647414844492,-1.3858746751638336,6.353361728831242
Digital,1.6902894118082146,1.5712540462632705,1.073335859996891,-6.131386345704997,0.22155569717018794
Information,1.511629564697644,1.5651094563745926,1.6895167905577597,-2.5498779480303324,0.3841671360832962
