Unnamed: 0,Computer,data,result,pie,sugar
Cherry,0.0,0.0,0.0,0.22247934871433883,0.0
Strawberry,0.0,0.0,2.057647414844492,0.0,6.353361728831242
Digital,1.6902894118082146,1.5712540462632705,1.073335859996891,0.0,0.22155569717018794
Information,1.511629564697644,1.5651094563745926,1.6895167905577597,0.0,0.3841671360832962
